,PC_RATIO
2019-01-02,1.0768871698658613
2019-01-03,1.1212736108178532
2019-01-04,0.8560377967587005
2019-01-07,0.7854666926348652
2019-01-08,0.8333341151784182
2019-01-09,0.9208000979302315
2019-01-10,1.041217548538146
2019-01-11,0.9404860796791273
2019-01-14,1.0814502475553638
2019-01-15,0.9341012626453218
2019-01-16,0.9886346013391714
2019-01-17,0.7932491877369633
2019-01-18,0.7950745729995071
2019-01-22,1.0555695653323562
2019-01-23,1.0820372122343678
2019-01-24,0.9442142058350395
2019-01-25,0.8006410563100229
2019-01-28,1.0650550228042128
2019-01-29,0.9064997354759583
2019-01-30,0.8280386746555681
2019-01-31,0.793821317758511
2019-02-01,0.9757885052599129
2019-02-04,0.8190514295039527
2019-02-05,0.8203668768510495
2019-02-06,0.8694164895854433
2019-02-07,0.950645694860512
2019-02-08,0.9950192000658833
2019-02-11,0.7813601021467589
2019-02-12,0.7652633748715462
2019-02-13,0.8674471305732876
2019-02-14,0.9129909273098432
2019-02-15,0.7682178993018054
2019-02-19,0.84216152521998
2019-02-20,0.7936932734907659
2019-02-21,0.9780127275109035
2019-02-22,0.8008195383244818
2019-02-25,0.8096459933218738
2019-02-26,0.8835327853824023
2019-02-27,0.8414456073452586
2019-02-28,0.9465485100821912
2019-03-01,0.824740612536412
2019-03-04,0.9527526490202712
2019-03-05,0.8887823545012064
2019-03-06,0.9734807021252255
2019-03-07,1.0568089908818887
2019-03-08,1.0483045593686275
2019-03-11,0.8277593320016319
2019-03-12,0.8742790651807791
2019-03-13,0.8031777047120505
2019-03-14,0.9189919744814152
2019-03-15,0.8219758963864082
2019-03-18,0.752733368187431
2019-03-19,0.8833606479300581
2019-03-20,0.9508608890885326
2019-03-21,0.8156469013577379
2019-03-22,0.9876681942795875
2019-03-25,0.9996442100743587
2019-03-26,0.8841539098539771
2019-03-27,0.985783297213698
2019-03-28,0.9088857490151023
2019-03-29,0.8072025284367274
2019-04-01,0.7785644153765187
2019-04-02,0.8421666470969652
2019-04-03,0.832504485899027
2019-04-04,0.7939774317518877
2019-04-05,0.8120997666636691
2019-04-08,0.7328433123966986
2019-04-09,0.9363663565616236
2019-04-10,0.8559379351400175
2019-04-11,0.8746570131596774
2019-04-12,0.6985230158678756
2019-04-15,0.7968593367446557
2019-04-16,0.7990726590915238
2019-04-17,0.7997080063469029
2019-04-18,0.8900143462491699
2019-04-22,0.7762558689267893
2019-04-23,0.7701051490643693
2019-04-24,0.8100646863841887
2019-04-25,0.7950144893527469
2019-04-26,0.7607686678637593
2019-04-29,0.7612936200499487
2019-04-30,0.9101200098047293
2019-05-01,0.8353670477256154
2019-05-02,0.8822101422531164
2019-05-03,0.7728595042241266
2019-05-06,0.9993687218278272
2019-05-07,1.0512012267912518
2019-05-08,0.972460656804079
2019-05-09,1.134516678351192
2019-05-10,1.1033540839848484
2019-05-13,1.1556949086655768
2019-05-14,0.9640208270821146
2019-05-15,0.990634499564286
2019-05-16,0.9672433887154074
2019-05-17,1.0770109924961269
2019-05-20,0.9788092897278524
2019-05-21,0.8698418050208905
2019-05-22,0.9942348910128641
2019-05-23,1.1703182434376158
2019-05-24,0.9964419290796094
2019-05-28,0.996150340348576
2019-05-29,1.2485284136925814
2019-05-30,1.0032640740092453
2019-05-31,1.2004549330541474
2019-06-03,1.0678642321687717
2019-06-04,0.7109729547258969
2019-06-05,0.943612836940128
2019-06-06,0.9133365961860155
2019-06-07,0.872938080895888
2019-06-10,0.8322148073737583
2019-06-11,0.9999217231884755
2019-06-12,0.9192130830388306
2019-06-13,0.8666159696938756
2019-06-14,0.7470945248874801
2019-06-17,0.913981637512874
2019-06-18,0.7742277431499167
2019-06-19,0.8929170947152659
2019-06-20,0.6040576256065286
2019-06-21,0.8362355775598637
2019-06-24,0.7793508487160589
2019-06-25,0.8126831080952924
2019-06-26,0.8378607606034358
2019-06-27,0.7742280323082216
2019-06-28,0.8001476345015284
2019-07-01,0.8062699354425741
2019-07-02,0.8864181464810598
2019-07-03,0.752133639925959
2019-07-05,0.8474613715370282
2019-07-08,0.7733235918153936
2019-07-09,0.8295743297257786
2019-07-10,0.8317942290716797
2019-07-11,0.8259761794776594
2019-07-12,0.8391071251466145
2019-07-15,0.8061943348015687
2019-07-16,0.7988155243801247
2019-07-17,0.8750724346873519
2019-07-18,0.8570823122099784
2019-07-19,0.8601096268316921
2019-07-22,0.8830434188326598
2019-07-23,0.7451872285360958
2019-07-24,0.7875401870867164
2019-07-25,0.7466508440862415
2019-07-26,0.8203906645741039
2019-07-29,0.8185212286669995
2019-07-30,0.9553049746752715
2019-07-31,0.9236287081974229
2019-08-01,1.0055677436902748
2019-08-02,1.160612255454988
2019-08-05,1.2406897926220732
2019-08-06,1.0061620245287441
2019-08-07,1.0874541826201063
2019-08-08,0.9225157745435211
2019-08-09,0.9069495394057506
2019-08-12,1.0664725217971245
2019-08-13,0.8979753447513678
2019-08-14,1.2278426096787385
2019-08-15,1.0992914838504622
2019-08-16,0.9466518020730907
2019-08-19,0.8713559568386566
2019-08-20,0.9048714539576932
2019-08-21,1.0595375629676476
2019-08-22,0.9039949562093065
2019-08-23,1.1934303566365356
2019-08-26,0.9397968640560994
2019-08-27,0.9076079436972911
2019-08-28,1.001613873917468
2019-08-29,0.8955540362434362
2019-08-30,1.0809366537926148
2019-09-03,1.0117917558659777
2019-09-04,0.9742207026998215
2019-09-05,0.8332092399825195
2019-09-06,0.8069793797666792
2019-09-09,0.8599934921875624
2019-09-10,0.8401676475011157
2019-09-11,0.8438331911299574
2019-09-12,0.792830252138901
2019-09-13,0.8196704411159299
2019-09-16,0.8011917159700144
2019-09-17,0.8188385211008444
2019-09-18,1.03306435536872
2019-09-19,0.8383543823437568
2019-09-20,0.9580711127326776
2019-09-23,0.8955489717254423
2019-09-24,1.077112269567626
2019-09-25,0.9609810525852198
2019-09-26,1.0191065397363612
2019-09-27,1.1072208731473623
2019-09-30,1.0014360863337064
2019-10-01,1.0376503719770347
2019-10-02,1.2331914057104896
2019-10-03,1.1463023158481442
2019-10-04,1.0420120225167389
2019-10-07,0.9828475496330502
2019-10-08,0.8477653432150477
2019-10-09,0.9651000251061628
2019-10-10,0.9141231545666353
2019-10-11,0.8268757285794044
2019-10-14,0.9874080470572938
2019-10-15,0.8637669061611801
2019-10-16,0.8641384377770981
2019-10-17,0.8017455266450562
2019-10-18,0.9616060697328646
2019-10-21,0.8021931554577807
2019-10-22,0.8612964147173502
2019-10-23,0.8866955952757027
2019-10-24,0.782382118805801
2019-10-25,0.7836478880050974
2019-10-28,0.7603402710170002
2019-10-29,0.8342811927745343
2019-10-30,0.9274113455908498
2019-10-31,0.8330951634753422
2019-11-01,0.7707086348681426
2019-11-04,0.6637872279587652
2019-11-05,0.6943221019713647
2019-11-06,0.7128487513928955
2019-11-07,0.7173377241091125
2019-11-08,0.8825356868877496
2019-11-11,0.8300359334749866
2019-11-12,0.7793466607282278
2019-11-13,0.7799249224316136
2019-11-14,0.791581846239719
2019-11-15,0.7321871179733597
2019-11-18,0.7393147463520406
2019-11-19,0.8293436286943325
2019-11-20,0.889063793487738
2019-11-21,0.9203112023984954
2019-11-22,0.797040981024869
2019-11-25,0.77421976648294
2019-11-26,0.8239866348884758
2019-11-27,0.7228309645975304
2019-11-29,0.7652300241341605
2019-12-02,0.857962989465932
2019-12-03,0.9141493243811437
2019-12-04,0.7573390352852609
2019-12-05,0.8626273571230729
2019-12-06,0.7943539935581956
2019-12-09,0.9042736372239532
2019-12-10,0.8575086271690973
2019-12-11,0.8515401208277091
2019-12-12,0.6732402168543234
2019-12-13,0.6058426427234106
2019-12-16,0.8048126638597268
2019-12-17,0.6820000965649857
2019-12-18,0.7719320684817509
2019-12-19,0.5463915063621109
2019-12-20,0.6677303441345082
2019-12-23,0.7108256600923841
2019-12-24,0.7773434570535199
2019-12-26,0.6497756761373086
2019-12-27,0.7199727740552762
2019-12-30,0.748491521251106
2019-12-31,0.69269883368446
2020-01-02,0.6622749158142228
2020-01-03,0.7685849710860948
2020-01-06,0.7487052413837354
2020-01-07,0.6845069077628004
2020-01-08,0.6298850209554134
2020-01-09,0.6849933841530229
2020-01-10,0.7946518326276572
2020-01-13,0.7064980565929646
2020-01-14,0.6856481313258315
2020-01-15,0.710839690231663
2020-01-16,0.7159646241133297
2020-01-17,0.6459283604121797
2020-01-21,0.7838515905115722
2020-01-22,0.7652146670174613
2020-01-23,0.7671930831807251
2020-01-24,1.0135339297483796
2020-01-27,0.9996857347469277
2020-01-28,0.7820860385673404
2020-01-29,0.8055234233861968
2020-01-30,0.8552113462730554
2020-01-31,1.0511676778150252
2020-02-03,0.784914151555466
2020-02-04,0.7215814840426936
2020-02-05,0.7752276832135448
2020-02-06,0.6711873522939155
2020-02-07,0.8877967198225715
2020-02-10,0.7410981942064765
2020-02-11,0.6472493718544587
2020-02-12,0.6632012991592329
2020-02-13,0.7242118154953142
2020-02-14,0.7772620048060701
2020-02-18,0.6875057055015913
2020-02-19,0.6601925240358134
2020-02-20,0.7293181590764357
2020-02-21,0.9341789577199151
2020-02-24,1.070268975517745
2020-02-25,1.1070496371996905
2020-02-26,1.055560660054122
2020-02-27,1.198161060010312
2020-02-28,1.2585854020621965
2020-03-02,1.036262743492257
2020-03-03,0.915950352628788
2020-03-04,0.9853616576886007
2020-03-05,1.0693589758140871
2020-03-06,1.223971246440805
2020-03-09,1.4314091849617403
2020-03-10,1.1456272760454387
2020-03-11,1.3987372259852517
2020-03-12,1.443585107026226
2020-03-13,1.176210494470514
2020-03-16,1.3476827805712013
2020-03-17,1.089548348585813
2020-03-18,1.2937640118981595
2020-03-19,1.0127167713516645
2020-03-20,1.1238984827645042
2020-03-23,0.9788671690539452
2020-03-24,0.8978532628801039
2020-03-25,0.8827240016574215
2020-03-26,0.9688010715901314
2020-03-27,0.9913879262754234
2020-03-30,0.9876751731088664
2020-03-31,1.0786650933816333
2020-04-01,1.1838952541158383
2020-04-02,1.0805706985411556
2020-04-03,1.0390370236390696
2020-04-06,0.9039451937601445
2020-04-07,0.9488621614726559
2020-04-08,0.9729427705560227
2020-04-09,0.9326355550484065
2020-04-13,0.8534634305517957
2020-04-14,0.8466047187454873
2020-04-15,0.9060246986979074
2020-04-16,0.8189837386858542
2020-04-17,0.8435568468973123
2020-04-20,0.8076371663972773
2020-04-21,0.9742213582973855
2020-04-22,0.7775111091299595
2020-04-23,0.7573627311668617
2020-04-24,0.8875629871436492
2020-04-27,0.8542884878315138
2020-04-28,0.7967446280527882
2020-04-29,0.7977194901599504
2020-04-30,0.8384182493262391
2020-05-01,1.0735271763975076
2020-05-04,0.9007224904028767
2020-05-05,0.7878776596778818
2020-05-06,0.8620045788850587
2020-05-07,0.7443856967750535
2020-05-08,0.7761192786373353
2020-05-11,0.7361992933404817
2020-05-12,0.7896421108600437
2020-05-13,1.0380963204585516
2020-05-14,0.9181484107454829
2020-05-15,0.7497436831641746
2020-05-18,0.6313417793152587
2020-05-19,0.6417266106891554
2020-05-20,0.7122948773831417
2020-05-21,0.7865521639081627
2020-05-22,0.7509348682063672
2020-05-26,0.7106651141415188
2020-05-27,0.7011666736830955
2020-05-28,0.7797468683206756
2020-05-29,0.8294603984939427
2020-06-01,0.6673268504350078
2020-06-02,0.6618248335672777
2020-06-03,0.6395029773511252
2020-06-04,0.6433953219150356
2020-06-05,0.6000299910280219
2020-06-08,0.4846394888881391
2020-06-09,0.59984403486526
2020-06-10,0.6057511989584196
2020-06-11,0.9441137945526104
2020-06-12,0.8891727484866087
2020-06-15,0.7746748646729721
2020-06-16,0.6603966418945649
2020-06-17,0.6915561216285403
2020-06-18,0.6683810477386831
2020-06-19,0.7984562677933308
2020-06-22,0.6641915461183999
2020-06-23,0.6248771445580487
2020-06-24,0.8643704546853521
2020-06-25,0.7504952024326299
2020-06-26,0.9135113939443982
2020-06-29,0.7233359645768194
2020-06-30,0.7080165866566883
2020-07-01,0.6767720987174117
2020-07-02,0.7380505635129561
2020-07-06,0.6024829672018536
2020-07-07,0.6615269230157621
2020-07-08,0.5821406382442424
2020-07-09,0.6417779502035834
2020-07-10,0.636257101075328
2020-07-13,0.5976445632544505
2020-07-14,0.7184015141500165
2020-07-15,0.5727822454741331
2020-07-16,0.5905680802828378
2020-07-17,0.6332796695045574
2020-07-20,0.6053176634131799
2020-07-21,0.5769194673642623
2020-07-22,0.5700197696753222
2020-07-23,0.676230994313893
2020-07-24,0.7981307977103393
2020-07-27,0.6383243134205842
2020-07-28,0.6638655910713781
2020-07-29,0.6386565242816405
2020-07-30,0.7125916442662659
2020-07-31,0.728457501496781
2020-08-03,0.5528964617269543
2020-08-04,0.5611817511221134
2020-08-05,0.5555740122882389
2020-08-06,0.5044852696053976
2020-08-07,0.6451049199025662
2020-08-10,0.5299494390265589
2020-08-11,0.593587803922417
2020-08-12,0.6723300568620607
2020-08-13,0.6180557745055433
2020-08-14,0.7310909382806106
2020-08-17,0.5788025548395789
2020-08-18,0.6789151053131294
2020-08-19,0.6539350586656805
2020-08-20,0.6437142837683113
2020-08-21,0.6529973528724748
2020-08-24,0.5570633878691558
2020-08-25,0.5509597834469052
2020-08-26,0.5506324685580586
2020-08-27,0.5204293683505518
2020-08-28,0.5455867525383153
2020-08-31,0.5619152005179111
2020-09-01,0.49666088835530997
2020-09-02,0.5172620372915895
2020-09-03,0.7235328980522314
2020-09-04,0.8124408245111098
2020-09-08,0.6929892999246827
2020-09-09,0.6607708863128763
2020-09-10,0.7118030453052674
2020-09-11,0.8282464987282914
2020-09-14,0.6378575087574183
2020-09-15,0.603347113557735
2020-09-16,0.641480054395986
2020-09-17,0.724317641767554
2020-09-18,0.7501782288060109
2020-09-21,0.77471165755493
2020-09-22,0.6613915812440774
2020-09-23,0.747651968789996
2020-09-24,0.8273520702643556
2020-09-25,0.7529579740091734
2020-09-28,0.6265066530663127
2020-09-29,0.6617883573270876
2020-09-30,0.6932628802079197
2020-10-01,0.6041081013806148
2020-10-02,0.725103978120311
2020-10-05,0.6397345294080731
2020-10-06,0.6711150476683806
2020-10-07,0.6270978411658737
2020-10-08,0.6021357201576978
2020-10-09,0.6123255671106251
2020-10-12,0.5679118815562751
2020-10-13,0.5924667148107433
2020-10-14,0.576346632800086
2020-10-15,0.6523684723982983
2020-10-16,0.6350866063844657
2020-10-19,0.6437750297720412
2020-10-20,0.654269576150724
2020-10-21,0.6792422642004236
2020-10-22,0.6636349166059213
2020-10-23,0.6848727324644486
2020-10-26,0.8420793826013486
2020-10-27,0.6952523275030342
2020-10-28,0.9017680457782075
2020-10-29,0.7255357318087119
2020-10-30,0.9232844154249086
2020-11-02,0.7402783880403572
2020-11-03,0.7387188447564105
2020-11-04,0.7736287718787306
2020-11-05,0.6243497796054801
2020-11-06,0.6464695852892647
2020-11-09,0.5871614777725991
2020-11-10,0.6772308478840022
2020-11-11,0.6971449779252948
2020-11-12,0.7690214591512267
2020-11-13,0.6668323115309968
2020-11-16,0.5845874045375614
2020-11-17,0.6236627678217088
2020-11-18,0.5856071544498481
2020-11-19,0.6052289457442395
2020-11-20,0.600258253621514
2020-11-23,0.5175940784793001
2020-11-24,0.5071779331520089
2020-11-25,0.5398475961642363
2020-11-27,0.5137910755579499
2020-11-30,0.5699877038589265
2020-12-01,0.49566181838097306
2020-12-02,0.5179506532268654
2020-12-03,0.49320814566393634
2020-12-04,0.5217920351489101
2020-12-07,0.5058048793256825
2020-12-08,0.45892254614538575
2020-12-09,0.5775874576110854
2020-12-10,0.5475026256314312
2020-12-11,0.5246908867035509
2020-12-14,0.5876439465932243
2020-12-15,0.5550013542155586
2020-12-16,0.537380923673456
2020-12-17,0.48274947090707454
2020-12-18,0.5577277720921366
2020-12-21,0.6025252842471757
2020-12-22,0.49617913902696326
2020-12-23,0.5545608033534539
2020-12-24,0.6003735021229741
2020-12-28,0.5569041685734262
2020-12-29,0.6405831890645911
2020-12-30,0.5799395945752408
2020-12-31,0.6469545873100697
2021-01-04,0.6437167308183313
2021-01-05,0.5794703417100571
2021-01-06,0.5983788744864743
2021-01-07,0.5157999927678821
2021-01-08,0.5977830705127903
2021-01-11,0.593249948703919
2021-01-12,0.4996907810221789
2021-01-13,0.5286943026248155
2021-01-14,0.47807965869366537
2021-01-15,0.6146056398142923
2021-01-19,0.5580650823928291
2021-01-20,0.5342537714757767
2021-01-21,0.5396941982370468
2021-01-22,0.51773983175662
2021-01-25,0.5055136078434618
2021-01-26,0.46553305044986315
2021-01-27,0.5152941805326723
2021-01-28,0.49647701660428856
2021-01-29,0.6676343320403476
2021-02-01,0.5308376906280262
2021-02-02,0.5348144592231209
2021-02-03,0.5354474876402805
2021-02-04,0.5310609018605659
2021-02-05,0.5423062028702931
2021-02-08,0.47040375376445054
2021-02-09,0.4490151344698648
2021-02-10,0.489970660734382
2021-02-11,0.4783966638922158
2021-02-12,0.5504815657130918
2021-02-16,0.5354733949580915
2021-02-17,0.5144854324974735
2021-02-18,0.5977197732647566
2021-02-19,0.5606067058698215
2021-02-22,0.5636977970461461
2021-02-23,0.6149988022517667
2021-02-24,0.4942415441483998
2021-02-25,0.6334060371001099
2021-02-26,0.7058234693741152
2021-03-01,0.5838654710006659
2021-03-02,0.5556239680701173
2021-03-03,0.6199617212732956
2021-03-04,0.6950929244608075
2021-03-05,0.7369467029485391
2021-03-08,0.6151566728167789
2021-03-09,0.5956476787886085
2021-03-10,0.569134817624563
2021-03-11,0.5418328786878378
2021-03-12,0.5611674654370766
2021-03-15,0.5340919529401158
2021-03-16,0.624510494227654
2021-03-17,0.6050914795811344
2021-03-18,0.5724201060494701
2021-03-19,0.6588135791756266
2021-03-22,0.5757858381153325
2021-03-23,0.680672688243613
2021-03-24,0.7405347158385894
2021-03-25,0.750708653134888
2021-03-26,0.7620230206578876
2021-03-29,0.6851856668341872
2021-03-30,0.6249752820563895
2021-03-31,0.5907037423838546
2021-04-01,0.5993849993131081
2021-04-05,0.5541516464452081
2021-04-06,0.5452452838919055
2021-04-07,0.5705174857587239
2021-04-08,0.5721076961409958
2021-04-09,0.600412520761159
2021-04-12,0.5751112999085711
2021-04-13,0.5218450276280419
2021-04-14,0.5586337125818504
2021-04-15,0.5900794529895559
2021-04-16,0.5941240817132327
2021-04-19,0.6773443039959711
2021-04-20,0.6765877653740646
2021-04-21,0.5883896301204511
2021-04-22,0.6293303903867259
2021-04-23,0.6257708348130971
2021-04-26,0.5345108474649872
2021-04-27,0.5963295827431186
2021-04-28,0.5547596782509453
2021-04-29,0.5827459513437528
2021-04-30,0.718624686256114
2021-05-03,0.5934344396907861
2021-05-04,0.6945020731898043
2021-05-05,0.6227319745166476
2021-05-06,0.6752682497858399
2021-05-07,0.6449687050236723
2021-05-10,0.6763299409447973
2021-05-11,0.7178580424394804
2021-05-12,0.8378622004705119
2021-05-13,0.7755346933340174
2021-05-14,0.7008655046850463
2021-05-17,0.6344348366727747
2021-05-18,0.6017178771922166
2021-05-19,0.7966232923257905
2021-05-20,0.6221290876728434
2021-05-21,0.6431271541752909
2021-05-24,0.6147995751188081
2021-05-25,0.6305113309651551
2021-05-26,0.5153997664502681
2021-05-27,0.5149463938772915
2021-05-28,0.5625930935339049
2021-06-01,0.5227042484707813
2021-06-02,0.45589644966329756
2021-06-03,0.5027663967067008
2021-06-04,0.563327678568441
2021-06-07,0.4967965388247755
2021-06-08,0.45834148402801983
2021-06-09,0.3927426268979654
2021-06-10,0.5671068771520332
2021-06-11,0.5366582736278045
2021-06-14,0.5289637843053284
2021-06-15,0.544400671193886
2021-06-16,0.6198372387273408
2021-06-17,0.5759370938551325
2021-06-18,0.6952667365342439
2021-06-21,0.5773804300847463
2021-06-22,0.5906341449884835
2021-06-23,0.4951410259946072
2021-06-24,0.5035644735736893
2021-06-25,0.5483478224027664
2021-06-28,0.5069119151276897
2021-06-29,0.5034816924599201
2021-06-30,0.5300990524953235
2021-07-01,0.5145711626140681
2021-07-02,0.6156712564639597
2021-07-06,0.6456094701344643
2021-07-07,0.5868669712955447
2021-07-08,0.6933810779436418
2021-07-09,0.5977331376939797
2021-07-12,0.5855085672834716
2021-07-13,0.6137129437037512
2021-07-14,0.6338762980119427
2021-07-15,0.726718189282107
2021-07-16,0.7738975993647793
2021-07-19,0.8297541869044351
2021-07-20,0.6180694017918416
2021-07-21,0.5853021540841499
2021-07-22,0.6299575910586108
2021-07-23,0.6440965451529579
2021-07-26,0.6095146473623012
2021-07-27,0.7403627396428498
2021-07-28,0.5224807907393011
2021-07-29,0.5727432456312125
2021-07-30,0.7260211149525323
2021-08-02,0.6140493574313655
2021-08-03,0.6341834315924736
2021-08-04,0.5503456962763138
2021-08-05,0.5723909038110885
2021-08-06,0.6392138713169379
2021-08-09,0.5920594408830474
2021-08-10,0.5492211723161903
2021-08-11,0.5744318069425939
2021-08-12,0.6088537263056766
2021-08-13,0.6272132089028655
2021-08-16,0.637873590582514
2021-08-17,0.7035713440822707
2021-08-18,0.6661033930231078
2021-08-19,0.7946645806866546
2021-08-20,0.7200818066892879
2021-08-23,0.5871923206813315
2021-08-24,0.4831119947133499
2021-08-25,0.5484762504655822
2021-08-26,0.6599125444088962
2021-08-27,0.6073721562160195
2021-08-30,0.5284917467931576
2021-08-31,0.5889663449750445
2021-09-01,0.5534308540908301
2021-09-02,0.5270031475317424
2021-09-03,0.6104368044152996
2021-09-07,0.5380024494524163
2021-09-08,0.622574160493311
2021-09-09,0.5773119749262717
2021-09-10,0.7233778732689928
2021-09-13,0.6529348242395803
2021-09-14,0.676411371485095
2021-09-15,0.6669651249074654
2021-09-16,0.6076324291566553
2021-09-17,0.7014291281090944
2021-09-20,0.865317639003678
2021-09-21,0.668500898180245
2021-09-22,0.664414154880388
2021-09-23,0.6296021888674036
2021-09-24,0.7375953367192355
2021-09-27,0.5725793804312699
2021-09-28,0.7930729014766134
2021-09-29,0.7150487936800062
2021-09-30,0.776906120070769
2021-10-01,0.7559271580412146
2021-10-04,0.713911692393081
2021-10-05,0.6612719919866272
2021-10-06,0.7341206498188274
2021-10-07,0.6829504402560598
2021-10-08,0.7166049883860726
2021-10-11,0.7106740943950457
2021-10-12,0.7004222627648008
2021-10-13,0.6366272551546693
2021-10-14,0.655432498744106
2021-10-15,0.6355222633972054
2021-10-18,0.5610904386017405
2021-10-19,0.5187979641401941
2021-10-20,0.5459780967371961
2021-10-21,0.5493420283976622
2021-10-22,0.6230326570589059
2021-10-25,0.513132586063464
2021-10-26,0.5524921116776547
2021-10-27,0.6179164724022644
2021-10-28,0.4877159465847526
2021-10-29,0.5933173080161536
2021-11-01,0.5060372307517598
2021-11-02,0.4830438788197984
2021-11-03,0.46749541395826916
2021-11-04,0.5033166825672009
2021-11-05,0.5193091841234819
2021-11-08,0.45283465980462445
2021-11-09,0.491858011719238
2021-11-10,0.6185539975285107
2021-11-11,0.5209062555853544
2021-11-12,0.5154550199976425
2021-11-15,0.531531891407826
2021-11-16,0.4984321178649173
2021-11-17,0.5272434159834758
2021-11-18,0.5434175849077091
2021-11-19,0.6039979930830212
2021-11-22,0.6093355872544919
2021-11-23,0.6892874024624626
2021-11-24,0.6856458668591398
2021-11-26,0.8341865327246003
2021-11-29,0.6897702505154485
2021-11-30,0.712169310010104
2021-12-01,0.7323451075699163
2021-12-02,0.8436324614527589
2021-12-03,1.0010752005501242
2021-12-06,0.7672659081779961
2021-12-07,0.6762122641269511
2021-12-08,0.5827422839823784
2021-12-09,0.7291083252166013
2021-12-10,0.7068904795561896
2021-12-13,0.7322296389961573
2021-12-14,0.7910526108101391
2021-12-15,0.7239271157044775
2021-12-16,0.6306507887155611
2021-12-17,0.7169006322952306
2021-12-20,0.7473098712636266
2021-12-21,0.6123146325696311
2021-12-22,0.6201212866175172
2021-12-23,0.5683045937380375
2021-12-27,0.5850941717866016
2021-12-28,0.5899453800835796
2021-12-29,0.6441206912937352
2021-12-30,0.6051840019863969
2021-12-31,0.6586278228259429
2022-01-03,0.5637183054424136
2022-01-04,0.5861262937010681
2022-01-05,0.7411129379753647
2022-01-06,0.7000855337768949
2022-01-07,0.7450774123540799
2022-01-10,0.7869900147158151
2022-01-11,0.6006316530046273
2022-01-12,0.606497162088256
2022-01-13,0.719609128503055
2022-01-14,0.8805250483236419
2022-01-18,0.8260681161309886
2022-01-19,0.7389224764835322
2022-01-20,0.8772172603462882
2022-01-21,1.0808044100877827
2022-01-24,1.042811049938625
2022-01-25,0.805176453795885
2022-01-26,0.8012794411592089
2022-01-27,0.9320285658085782
2022-01-28,0.961184014457291
2022-01-31,0.8338851382748121
2022-02-01,0.7332553490358913
2022-02-02,0.7921097288410135
2022-02-03,0.9308523618690496
2022-02-04,0.7842815216256274
2022-02-07,0.718150937562159
2022-02-08,0.7506771286791405
2022-02-09,0.7234474849303737
2022-02-10,0.7840053587401932
2022-02-11,0.9650778145392516
2022-02-14,0.9357557024710812
2022-02-15,0.7853036758580376
2022-02-16,0.8018415124377501
2022-02-17,0.8819144719279018
2022-02-18,1.035336348825851
2022-02-22,0.9252754184360261
2022-02-23,0.9174586487870264
2022-02-24,0.9856814716910648
2022-02-25,0.8248618150207483
2022-02-28,0.8393291789721891
2022-03-01,0.8222117696667239
2022-03-02,0.8154299799453215
2022-03-03,0.8279373877302866
2022-03-04,0.9190858416024452
2022-03-07,0.8042112615253061
2022-03-08,0.7758948279986314
2022-03-09,0.8659103138020426
2022-03-10,0.8690022231097375
2022-03-11,0.9188540279967763
2022-03-14,0.9888329660810294
2022-03-15,0.9170911911519372
2022-03-16,0.8478031207328214
2022-03-17,0.7958995041677026
2022-03-18,0.6773891174902976
2022-03-21,0.6916014421019091
2022-03-22,0.700078498387853
2022-03-23,0.6834714160103904
2022-03-24,0.638190592295547
2022-03-25,0.7039331082808045
2022-03-28,0.7210058579406369
2022-03-29,0.6362447700808064
2022-03-30,0.7228985574962326
2022-03-31,0.7818895173238907
2022-04-01,0.7753630422886924
2022-04-04,0.6429325546034144
2022-04-05,0.7947012458143108
2022-04-06,0.8505714294713185
2022-04-07,0.763843692282081
2022-04-08,0.7501025596971355
2022-04-11,0.8910790784696218
2022-04-12,0.7475283460680012
2022-04-13,0.661441001923819
2022-04-14,0.8008979968777173
2022-04-18,0.7524896517040164
2022-04-19,0.7370075581829125
2022-04-20,0.7992362769786706
2022-04-21,0.8696313051365692
2022-04-22,1.0754734580180474
2022-04-25,0.9404638327455496
2022-04-26,0.9520538986958312
2022-04-27,0.9519260160421907
2022-04-28,0.9167297435391601
2022-04-29,1.0237977734181933
2022-05-02,0.982068155621705
2022-05-03,0.8275539573522273
2022-05-04,0.8278402647720781
2022-05-05,0.9076982026266472
2022-05-06,0.9915291413185836
2022-05-09,1.0739906510852653
2022-05-10,0.9451906336637211
2022-05-11,1.0020450565740286
2022-05-12,0.9863468387659889
2022-05-13,0.8578668290919267
2022-05-16,0.8289878258272356
2022-05-17,0.8332993254423111
2022-05-18,1.0342918829315333
2022-05-19,0.9909881048239116
2022-05-20,1.070166475165282
2022-05-23,0.8050957075730546
2022-05-24,0.967734863018972
2022-05-25,0.8351847278103621
2022-05-26,0.8103106602004195
2022-05-27,0.7836684689435227
2022-05-31,0.8235259179632762
2022-06-01,0.89931529376403
2022-06-02,0.7982534840719474
2022-06-03,0.9221717276044894
2022-06-06,0.7782964065154443
2022-06-07,0.8180898443382141
2022-06-08,0.7379332330359265
2022-06-09,0.8646667807987634
2022-06-10,1.1961169221157126
2022-06-13,1.26550596244505
2022-06-14,1.0353126949706335
2022-06-15,0.8810764057323893
2022-06-16,1.169785149735001
2022-06-17,0.9717241788868543
2022-06-21,0.7640925781902986
2022-06-22,0.9670569469673116
2022-06-23,0.8671921337431041
2022-06-24,0.7630738246398828
2022-06-27,0.815503658869374
2022-06-28,0.8900484193102024
2022-06-29,1.007931176181086
2022-06-30,0.9531450958327744
2022-07-01,0.8584063957106689
2022-07-05,0.8489790723827335
2022-07-06,0.8284606317725114
2022-07-07,0.7498373238173083
2022-07-08,0.8431162397765554
2022-07-11,0.958793421314354
2022-07-12,0.9238338222731873
2022-07-13,1.071440603187891
2022-07-14,0.9434603922909695
2022-07-15,0.8180345013689946
2022-07-18,0.7997950335195604
2022-07-19,0.8357621237713939
2022-07-20,0.8668314373928807
2022-07-21,0.8028956587465139
2022-07-22,0.9705149453086757
2022-07-25,0.9695189347596799
2022-07-26,0.9723426632607112
2022-07-27,0.9101906109482758
2022-07-28,0.884578666487976
2022-07-29,0.7990656691302711
2022-08-01,0.873480537956657
2022-08-02,0.8309615719521881
2022-08-03,0.7928010046934693
2022-08-04,0.7366520001910676
2022-08-05,0.8033942398161369
2022-08-08,0.7677079449708689
2022-08-09,0.8646480123945656
2022-08-10,0.8568839890530736
2022-08-11,0.7155311001169551
2022-08-12,0.7694873811364076
2022-08-15,0.7703461145741051
2022-08-16,0.7179584141548366
2022-08-17,0.857510823685077
2022-08-18,0.8409722056517349
2022-08-19,0.9522655709280269
2022-08-22,1.0019476100256535
2022-08-23,0.8331844529648442
2022-08-24,0.8756684082375058
2022-08-25,0.7639579106183758
2022-08-26,0.9444643959002101
2022-08-29,0.9856971112483459
2022-08-30,1.0146503418425463
2022-08-31,1.0571233253799597
2022-09-01,1.0035334658142563
2022-09-02,0.9682672343115143
2022-09-06,1.0692416930628992
2022-09-07,0.9911764853595991
2022-09-08,0.9383983216395824
2022-09-09,0.8207868478161452
2022-09-12,0.8290309332595132
2022-09-13,1.121400812215984
2022-09-14,1.073685963566686
2022-09-15,0.9708374244279083
2022-09-16,1.1424887796613419
2022-09-19,0.9194355774734951
2022-09-20,0.9391059076591196
2022-09-21,0.9949435866737492
2022-09-22,1.0805038161868916
2022-09-23,1.2630481777411338
2022-09-26,1.0380846943069422
2022-09-27,1.0770622894092
2022-09-28,1.1373487096024877
2022-09-29,1.0166085739580737
2022-09-30,1.0479687075937454
2022-10-03,0.8858078687078981
2022-10-04,0.8587963557260591
2022-10-05,1.0410592293030005
2022-10-06,0.8883622472043412
2022-10-07,0.9792942225694876
2022-10-10,1.0427928956535422
2022-10-11,0.944753598548482
2022-10-12,1.1310076255270103
2022-10-13,0.98661503433639
2022-10-14,0.9528420397365612
2022-10-17,0.9059507406192812
2022-10-18,0.9210093713406454
2022-10-19,1.1081762462719802
2022-10-20,0.9291324117704731
2022-10-21,0.888454282618671
2022-10-24,0.8509286037816377
2022-10-25,0.80163055766113
2022-10-26,0.963873511639142
2022-10-27,0.9721938620656481
2022-10-28,0.9068284960958078
2022-10-31,0.7810502121564499
2022-11-01,0.804591582231194
2022-11-02,1.0944596881340487
2022-11-03,0.9833314935181174
2022-11-04,0.9152544005806423
2022-11-07,0.7619613264531386
2022-11-08,1.132363899384417
2022-11-09,1.0472199433360316
2022-11-10,0.8022854374270418
2022-11-11,0.6915385777619354
2022-11-14,0.8331365784397581
2022-11-15,0.7941369808953761
2022-11-16,1.0782964455221982
2022-11-17,0.912607377364519
2022-11-18,0.819608148017306
2022-11-21,0.7882024360755873
2022-11-22,1.0737645917330036
2022-11-23,0.9164658293497963
2022-11-25,0.8154144386034278
2022-11-28,0.9375895513320437
2022-11-29,0.8907799799974364
2022-11-30,0.9666042302584169
2022-12-01,0.8366496514848147
2022-12-02,0.8135833315858202
2022-12-05,0.8545221399009424
2022-12-06,0.9664715590557892
2022-12-07,1.1674574861238747
2022-12-08,0.8955776135172159
2022-12-09,0.9944517018228478
2022-12-12,0.7886183642494796
2022-12-13,0.8272608335606403
2022-12-14,1.066669597832586
2022-12-15,1.0484915597892828
2022-12-16,1.1353234120851519
2022-12-19,0.9670622082725031
2022-12-20,0.9152521595672758
2022-12-21,1.3350003740637464
2022-12-22,1.1600088947185143
2022-12-23,0.958125679817619
2022-12-27,0.9435434009279752
2022-12-28,1.6124475436426264
2022-12-29,0.9810273590700913
2022-12-30,1.0305031673361864
2023-01-03,0.9561613774786661
2023-01-04,1.1568565015149546
2023-01-05,1.0489761787703478
2023-01-06,0.9179357926904506
2023-01-09,0.9498656597704468
2023-01-10,0.9522769004583481
2023-01-11,1.040427650409164
2023-01-12,0.9129557706570492
2023-01-13,0.8830766299001681
2023-01-17,0.8826185108752176
2023-01-18,1.1747298610704997
2023-01-19,1.0241345297324693
2023-01-20,0.8290107779760654
2023-01-23,0.8199672329422192
2023-01-24,0.9172416173905311
2023-01-25,0.9939730378204378
2023-01-26,0.8721424325384619
2023-01-27,0.7305022622987984
2023-01-30,0.863698291486968
2023-01-31,0.879425308738973
2023-02-01,0.8506384850969043
2023-02-02,0.6991191917520857
2023-02-03,0.8255503650898264
2023-02-06,0.8160946167868738
2023-02-07,0.8398128418728908
2023-02-08,0.8073182657596232
2023-02-09,0.8330809538938797
2023-02-10,0.9823511324909076
2023-02-13,0.9063579233568441
2023-02-14,0.8850824033246357
2023-02-15,0.8041318694737866
2023-02-16,0.8854448548720173
2023-02-17,0.9300400529350555
2023-02-21,0.9503464739742273
2023-02-22,0.9581610499563434
2023-02-23,0.9511988726567906
2023-02-24,1.0215541490313527
2023-02-27,0.9810416508177311
2023-02-28,0.8795438596859827
2023-03-01,1.038761687574573
2023-03-02,1.0444553008013098
2023-03-03,0.9064795590297025
2023-03-06,0.9628223748952097
2023-03-07,1.0029184929649684
2023-03-08,1.143058241402302
2023-03-09,1.1259497071536906
2023-03-10,1.2862404801358394
2023-03-13,1.0757687446392303
2023-03-14,1.0309703580744605
2023-03-15,1.2042514304468115
2023-03-16,0.951703562231183
2023-03-17,0.9304528609548458
2023-03-20,0.8737859979565633
2023-03-21,0.8686950762175836
2023-03-22,0.9439484438506032
2023-03-23,1.1500344988825268
2023-03-24,1.0551118972971547
2023-03-27,0.8819060635564545
2023-03-28,0.857536278505014
2023-03-29,0.9786491272757719
2023-03-30,0.8772653597948
2023-03-31,0.8859842370330678
2023-04-03,0.8657039403098589
2023-04-04,1.0653247523931888
2023-04-05,0.8840501612081212
2023-04-06,0.9191555598372534
2023-04-10,0.8771897265446721
2023-04-11,0.8029041283858649
2023-04-12,0.9037634097207732
2023-04-13,0.848094506110613
2023-04-14,0.9060675374858671
2023-04-17,0.8818005376238943
2023-04-18,0.8636330105691554
2023-04-19,0.9619106646987096
2023-04-20,0.9762747990170565
2023-04-21,0.8677885575297434
2023-04-24,0.840961874663618
2023-04-25,1.0309599702215517
2023-04-26,1.1170365033659528
2023-04-27,0.842864536743824
2023-04-28,0.9329556791791377
2023-05-01,0.9050669686983698
2023-05-02,1.01398779152356
2023-05-03,1.0607338475383241
2023-05-04,0.9854276470483174
2023-05-05,0.8875278609873446
2023-05-08,0.9012512650780474
2023-05-09,0.8891029440850364
2023-05-10,0.9391146421985755
2023-05-11,0.8618362950831032
2023-05-12,0.8414236960975069
2023-05-15,0.8868140750124122
2023-05-16,0.9445760403125227
2023-05-17,0.9640330900172692
2023-05-18,0.8048356266024006
2023-05-19,0.8525158955195478
2023-05-22,0.8192934554167308
2023-05-23,0.8652767791404373
2023-05-24,1.050262214337906
2023-05-25,0.8083870058327444
2023-05-26,0.7717463631386471
2023-05-30,0.7694708418139172
2023-05-31,0.9181175355012545
2023-06-01,0.7540658630200224
2023-06-02,0.6990673720611261
2023-06-05,0.8401388150650423
2023-06-06,0.6810644150945586
2023-06-07,0.8092894015180028
2023-06-08,0.7741139292280551
2023-06-09,0.7263501839475611
2023-06-12,0.7201797883952202
2023-06-13,0.6934076235044105
2023-06-14,0.8208275217223039
2023-06-15,0.7065595502604639
2023-06-16,0.6968504991602067
2023-06-20,0.7924702112505534
2023-06-21,0.8063856646601858
2023-06-22,0.792363364712269
2023-06-23,0.8275138446030699
2023-06-26,0.7925033058166382
2023-06-27,0.7978188564740298
2023-06-28,0.772583375171011
2023-06-29,0.7568972792582149
2023-06-30,0.7761746586250449
2023-07-03,0.6736345905504272
2023-07-05,0.8915111850939129
2023-07-06,0.8336675403826197
2023-07-07,0.7225511348573685
2023-07-10,0.7243201197552049
2023-07-11,0.640656268180823
2023-07-12,0.7243655601429715
2023-07-13,0.6767275800026129
2023-07-14,0.7026943892649936
2023-07-17,0.7169191936942049
2023-07-18,0.6855621235749638
2023-07-19,0.6575029620658226
2023-07-20,0.7635332195130585
2023-07-21,0.7861885503241225
2023-07-24,0.776692874893498
2023-07-25,0.8373932865899741
2023-07-26,0.7810047179370709
2023-07-27,0.8324709257830984
2023-07-28,0.8185323948173779
2023-07-31,0.7556568088991286
2023-08-01,0.8060865526975713
2023-08-02,0.8919419954074674
2023-08-03,0.8595315393221545
2023-08-04,0.8697002790956574
2023-08-07,0.9064443546217943
2023-08-08,0.8843239718276371
2023-08-09,0.8672481213898114
2023-08-10,0.9125232915794304
2023-08-11,0.942497942272118
2023-08-14,0.876905176244549
2023-08-15,0.9959063406860419
2023-08-16,1.0967248638202731
2023-08-17,1.0257578225447024
2023-08-18,1.060669902987321
2023-08-21,0.8704924827423576
2023-08-22,0.8630400212326836
2023-08-23,1.016775304327031
2023-08-24,0.987910339694162
2023-08-25,1.0105776098739219
2023-08-28,0.9881424804995018
2023-08-29,0.9030863446319342
2023-08-30,0.9508107381721068
2023-08-31,0.8339716607628505
2023-09-01,0.8830181761813912
2023-09-05,0.9135773720590171
2023-09-06,1.0688878654884724
2023-09-07,1.0018549605431681
2023-09-08,0.8981255915356133
2023-09-11,0.8463466465878084
2023-09-12,0.9216621622827911
2023-09-13,1.128205477861035
2023-09-14,0.9550787283009122
2023-09-15,0.8898151997663966
2023-09-18,0.9147400036396821
2023-09-19,0.8968187323250795
2023-09-20,0.9125429058911987
2023-09-21,1.0864597776178786
2023-09-22,1.0225717070413711
2023-09-25,1.071162145001387
2023-09-26,1.132446381978262
2023-09-27,1.1643854601963193
2023-09-28,0.9630091251097922
2023-09-29,0.9563929388170282
2023-10-02,0.9903216937745807
2023-10-03,1.0847893913848712
2023-10-04,1.308587456971071
2023-10-05,1.042224946916961
2023-10-06,0.9272052404081628
2023-10-09,0.9114955434505617
2023-10-10,0.913169352548313
2023-10-11,1.0102347258335131
2023-10-12,0.959374027226678
2023-10-13,0.9820739581584431
2023-10-16,1.0366216537372186
2023-10-17,0.9767829905779047
2023-10-18,1.1970213444446915
2023-10-19,1.0515075759109243
2023-10-20,1.0461182113935432
2023-10-23,0.9448799429776592
2023-10-24,0.817636652780469
2023-10-25,1.0621766580954666
2023-10-26,0.9635712405855715
2023-10-27,1.0429101553931235
2023-10-30,1.0216822202648592
2023-10-31,0.9644094725705107
2023-11-01,1.1487103937597591
2023-11-02,0.8893556445147967
2023-11-03,0.777603305236007
2023-11-06,0.9605365463098472
2023-11-07,0.914912358781635
2023-11-08,1.027938263701055
2023-11-09,0.9381882964133771
2023-11-10,0.9736177956973726
2023-11-13,0.9360317479168722
2023-11-14,0.7780919797574438
2023-11-15,0.7787025242940065
2023-11-16,0.8920440768809772
2023-11-17,0.7888392909692349
2023-11-20,0.7995322890939787
2023-11-21,0.8370610524364751
2023-11-22,0.8254666149871045
2023-11-24,0.8383136973418239
2023-11-27,0.8931489450717617
2023-11-28,0.7947329846358422
2023-11-29,0.7547267417839205
2023-11-30,0.8210872093122639
2023-12-01,0.7209457226193299
2023-12-04,0.7528829037787825
2023-12-05,0.785856695937182
2023-12-06,0.8066732735319013
2023-12-07,0.8584233249749568
2023-12-08,0.772116852308087
2023-12-11,0.7952776352143964
2023-12-12,0.7988998854043412
2023-12-13,0.7164220663713304
2023-12-14,0.5931403771085034
2023-12-15,0.6854522632483578
2023-12-18,0.7082586215147433
2023-12-19,0.6173443337838546
2023-12-20,0.903710615606949
2023-12-21,0.8373740238579818
2023-12-22,0.7694328421845624
2023-12-26,0.7710303651134572
2023-12-27,0.806832662927583
2023-12-28,0.7731389599210055
2023-12-29,0.7795191894669617
2024-01-02,0.7644757405259149
2024-01-03,0.9165180179769945
2024-01-04,0.8266377346670596
2024-01-05,0.9242055444320723
2024-01-08,0.7626397300604861
2024-01-09,0.7700132904441002
2024-01-10,0.931895749459591
2024-01-11,0.8135684653562216
2024-01-12,0.8749746594022176
2024-01-16,0.8863569985022098
2024-01-17,1.1959478419239276
2024-01-18,0.8532399177525181
2024-01-19,0.761239510445133
2024-01-22,0.6964732098439096
2024-01-23,0.718846152617376
2024-01-24,0.7702863515597727
2024-01-25,0.7859899533679089
2024-01-26,0.8095619317633314
2024-01-29,0.7780364870858959
2024-01-30,0.7667394625426687
2024-01-31,0.8176511702226666
2024-02-01,0.8462178495959106
2024-02-02,0.8000442199408498
2024-02-05,0.7609317600757389
2024-02-06,0.680912275142346
2024-02-07,0.8144136227193907
2024-02-08,0.6933974206219824
2024-02-09,0.6778680124376474
2024-02-12,0.6792858050058416
2024-02-13,0.8485614253565564
2024-02-14,0.8118557561181317
2024-02-15,0.6945675848350121
2024-02-16,0.7309858579860165
2024-02-20,0.7556204677251126
2024-02-21,0.851805926095612
2024-02-22,0.767645339203573
2024-02-23,0.7549465528706388
2024-02-26,0.7594262455943369
2024-02-27,0.7093448347241084
2024-02-28,0.7601500816777871
2024-02-29,0.6997644406512137
2024-03-01,0.7495968259120731
2024-03-04,0.6784662536452948
2024-03-05,0.8084023909733447
2024-03-06,0.7589201804110343
2024-03-07,0.7370887207736928
2024-03-08,0.753452076931681
2024-03-11,0.8074009825960617
2024-03-12,0.8623076934707995
2024-03-13,0.7745845935400071
2024-03-14,0.7986323534768064
2024-03-15,0.7726538317130528
2024-03-18,0.7762024971398814
2024-03-19,0.8948220898632276
2024-03-20,0.8042262477935148
2024-03-21,0.762192466385951
2024-03-22,0.8827938685006438
2024-03-25,0.7851895357766772
2024-03-26,0.7701892089591035
2024-03-27,0.7574857086227088
2024-03-28,0.7412385477287804
2024-04-01,0.7479902924178387
2024-04-02,0.8117678873304868
2024-04-03,0.79904739682344
2024-04-04,0.8707900742925108
2024-04-05,0.9453482634290468
2024-04-08,0.7821859314647129
2024-04-09,0.816136496931234
2024-04-10,1.0047725778442733
2024-04-11,0.8908118994649642
2024-04-12,0.7984427224352177
2024-04-15,0.9064699615894972
2024-04-16,0.94312840658389
2024-04-17,1.186467506724369
2024-04-18,0.9557156813726858
2024-04-19,0.9685424239939535
2024-04-22,0.8500940225129031
2024-04-23,0.8816132381328985
2024-04-24,0.919989070785339
2024-04-25,0.8489554210219689
2024-04-26,0.7746978656087131
2024-04-29,0.7668703237670589
2024-04-30,0.8043192194809159
2024-05-01,0.9328986629504882
2024-05-02,0.7499254019124104
2024-05-03,0.7959927583510441
2024-05-06,0.8694917801225535
2024-05-07,0.8832305153145972
2024-05-08,0.8409912278742632
2024-05-09,0.7052223085286973
2024-05-10,0.7739805145458427
2024-05-13,0.6809972605435298
2024-05-14,0.6949045287632295
2024-05-15,0.7680253333347253
2024-05-16,0.7043067631339909
2024-05-17,0.7233105733648799
2024-05-20,0.7878191870352977
2024-05-21,0.725738173712142
2024-05-22,0.796086205608966
2024-05-23,0.7937625408653586
2024-05-24,0.8684457219665429
2024-05-28,0.7260847633231298
2024-05-29,0.9060291902294232
2024-05-30,0.7985444474982772
2024-05-31,0.6923469556105417
2024-06-03,0.7444235523005821
2024-06-04,0.8781773891829184
2024-06-05,0.7989808971720636
2024-06-06,0.7215155056373315
2024-06-07,0.7791036851584247
2024-06-10,0.6939475037484752
2024-06-11,0.7427851451300947
2024-06-12,0.6539994772676582
2024-06-13,0.739597606160008
2024-06-14,0.7947506308730423
2024-06-17,0.7501008503595544
2024-06-18,0.68409397055603
2024-06-20,0.7947198722665545
2024-06-21,0.7486897089893538
2024-06-24,0.7168044733825499
2024-06-25,0.7473825224451972
2024-06-26,0.6532386395525437
2024-06-27,0.7078722222371536
2024-06-28,0.7373255999228615
2024-07-01,0.7348939502398883
2024-07-02,0.7615586924981399
2024-07-03,0.6465204722278642
2024-07-05,0.6663185402666942
2024-07-08,0.6227519059123209
2024-07-09,0.6241117098174428
2024-07-10,0.6790733222951759
2024-07-11,0.6756088463336937
2024-07-12,0.6702800329372501
2024-07-15,0.6546068435114614
2024-07-16,0.6360455010014857
2024-07-17,0.6833518279806807
2024-07-18,0.8063020868642868
2024-07-19,0.7663877078697497
2024-07-22,0.7197737675817734
2024-07-23,0.7540565799067064
2024-07-24,0.8284206820846393
2024-07-25,0.8084257538081401
2024-07-26,0.820027464298944
2024-07-29,0.775660048935547
2024-07-30,0.8099498802759099
2024-07-31,0.7241303061667494
2024-08-01,0.8539168012634065
2024-08-02,0.9685499593896346
2024-08-05,1.1085927121793462
2024-08-06,0.9036606419798645
2024-08-07,0.9488320655523784
2024-08-08,0.898954989168585
2024-08-09,0.8686858750848987
2024-08-12,0.8975026451059022
2024-08-13,0.8357298770584841
2024-08-14,0.7717252983542346
2024-08-15,0.7872785739400595
2024-08-16,0.7348202202309225
2024-08-19,0.6796058216505269
2024-08-20,0.7223595184517174
2024-08-21,0.6961691454043809
2024-08-22,0.7696647014888155
2024-08-23,0.7201587563146199
2024-08-26,0.7489451595039895
2024-08-27,0.7783249160215471
2024-08-28,0.7688028358893714
2024-08-29,0.7571299877891281
2024-08-30,0.7243012029672531
2024-09-03,0.7720270568662363
2024-09-04,0.8598060514437922
2024-09-05,0.8782279817000663
2024-09-06,0.8929860400745039
2024-09-09,0.8719428532950344
2024-09-10,0.8938402867806923
2024-09-11,0.8132970567562023
2024-09-12,0.8319803669251272
2024-09-13,0.6971583072682723
2024-09-16,0.7524469994307819
2024-09-17,0.7448694955465435
2024-09-18,0.7679928944256121
2024-09-19,0.8206871859696411
2024-09-20,0.7428664158889213
2024-09-23,0.7495701977296446
2024-09-24,0.6471725733798809
2024-09-25,0.737536352602927
2024-09-26,0.6083057364679095
2024-09-27,0.680280910573314
2024-09-30,0.7068235055278208
2024-10-01,0.7145305763766332
2024-10-02,0.7087917882508847
2024-10-03,0.7694349033241197
2024-10-04,0.7662953746627815
2024-10-07,0.6976293338670745
2024-10-08,0.7304399475071169
2024-10-09,0.7623041014979067
2024-10-10,0.7825573789299934
2024-10-11,0.708331762546328
2024-10-14,0.6752810538890951
2024-10-15,0.7348574313598024
2024-10-16,0.6873349077304075
2024-10-17,0.7549121040762568
2024-10-18,0.6575737378753777
2024-10-21,0.7745917472456509
2024-10-22,0.747578094177308
2024-10-23,0.7546859919057458
2024-10-24,0.7310107455995831
2024-10-25,0.7603508308837691
2024-10-28,0.7587387541424193
2024-10-29,0.7339397022054798
2024-10-30,0.7429240089495251
2024-10-31,0.7610155825555199
2024-11-01,0.8339378971655431
2024-11-04,0.911045024234234
2024-11-05,0.8092242393633442
2024-11-06,0.6846053855790339
2024-11-07,0.6417758628859882
2024-11-08,0.6781734033286231
2024-11-11,0.5916472043513845
2024-11-12,0.6642812660205233
2024-11-13,0.6674306070264809
2024-11-14,0.8790133862721394
2024-11-15,0.7851900365247062
2024-11-18,0.6629948874152153
2024-11-19,0.7297885942249287
2024-11-20,0.673280118733408
2024-11-21,0.657213329216384
2024-11-22,0.6356361534114763
2024-11-25,0.5934851806542303
2024-11-26,0.7244248628103719
2024-11-27,0.7125780302466769
2024-11-29,0.5452290150243495
2024-12-02,0.6751279904718438
2024-12-03,0.6951168543463535
2024-12-04,0.647499624839116
2024-12-05,0.6546156489885917
2024-12-06,0.6572329804300351
2024-12-09,0.6419727373416025
2024-12-10,0.6608865467687298
2024-12-11,0.6571255826051503
2024-12-12,0.7279118424454655
2024-12-13,0.6842287874638844
2024-12-16,0.5447097635883948
2024-12-17,0.7075241651495693
2024-12-18,0.7279991832976429
2024-12-19,0.9221714387835651
2024-12-20,0.7190331368829341
2024-12-23,0.6657471430941073
2024-12-24,0.6145373554296799
2024-12-26,0.6973588714602033
2024-12-27,0.71371458317442
2024-12-30,0.7521872826576445
2024-12-31,0.6616584780723284
2025-01-02,0.7479334225830926
2025-01-03,0.6733675526607783
2025-01-06,0.6469366009126681
2025-01-07,0.6977717925690315
2025-01-08,0.8289814196777886
2025-01-09,1.7282780410742495
2025-01-10,0.8341371129380817
2025-01-13,0.8258310520187776
2025-01-14,0.6796077683991955
2025-01-15,0.7161513929837967
2025-01-16,0.8622961809903728
2025-01-17,0.6353491114669292
2025-01-21,0.6669969782708475
2025-01-22,0.6458292418699997
2025-01-23,0.6917486933875847
2025-01-24,0.6450992858181871
2025-01-27,0.7504486761395365
2025-01-28,0.6404453182300928
2025-01-29,0.6756688903663156
2025-01-30,0.6494358323264456
2025-01-31,0.7027404787552362
2025-02-03,0.8443785929008297
2025-02-04,0.691541057267655
2025-02-05,0.6570120174725254
2025-02-06,0.6619667547436494
2025-02-07,0.6940043312234734
2025-02-10,0.6865274712638219
2025-02-11,0.7317852507863263
2025-02-12,0.7337808842168144
2025-02-13,0.6946456517096903
2025-02-14,0.5923866244406301
2025-02-18,0.6150674226266594
2025-02-19,0.7005877336190847
2025-02-20,0.6812823426169644
2025-02-21,0.7758311537299746
2025-02-24,0.816247465458204
2025-02-25,0.8249669628756334
2025-02-26,0.7419118709895295
2025-02-27,0.872864376842301
2025-02-28,0.8524275803668363
2025-03-03,0.8484956396808505
2025-03-04,0.8860008919240274
2025-03-05,0.7499336306458295
2025-03-06,0.8497495210644502
2025-03-07,0.8264071552451501
2025-03-10,0.8467950807412793
2025-03-11,0.8647568407075449
2025-03-12,0.8297002018998653
2025-03-13,0.9310857461635256
2025-03-14,0.8166648488041821
2025-03-17,0.7949811189966052
2025-03-18,0.7478510294713477
2025-03-19,0.7875022175048328
2025-03-20,0.911838579314451
2025-03-21,0.7594083496226905
2025-03-24,0.7057473648768563
2025-03-25,0.7732478050130306
2025-03-26,0.840929955828267
2025-03-27,0.8411022416773121
2025-03-28,0.912862879899282
2025-03-31,0.9394586003420174
2025-04-01,0.8721154916711198
2025-04-02,0.8504199288491693
2025-04-03,1.070735247563677
2025-04-04,1.0943780026629242
2025-04-07,0.9996804703716955
2025-04-08,1.0781422447882913
2025-04-09,0.8828598754478614
2025-04-10,1.046537584473459
2025-04-11,0.7346297036579136
2025-04-14,0.8665376355030467
2025-04-15,0.9250434974983008
2025-04-16,1.0361167174104189
2025-04-17,0.846454017868887
2025-04-21,0.9024729760906007
2025-04-22,0.7851341333500373
2025-04-23,0.8450972622726607
2025-04-24,0.8656822542259748
2025-04-25,0.7327748623047763
2025-04-28,0.8122334695292265
2025-04-29,0.8312951625298247
2025-04-30,0.8829396542419308
2025-05-01,0.7696285536874341
2025-05-02,0.731545373959293
2025-05-05,0.8406031779163109
2025-05-06,0.8352729935512706
2025-05-07,0.7476400873063517
2025-05-08,0.6863436761160381
2025-05-09,0.6790856174087486
2025-05-12,0.7212584752015557
2025-05-13,0.679538346929399
2025-05-14,0.6440652176051667
2025-05-15,0.7785459396419536
2025-05-16,0.6096846240575718
2025-05-19,0.7744598510886144
2025-05-20,0.6730525672640449
2025-05-21,0.7865548988093787
2025-05-22,0.7417426691156611
2025-05-23,0.7689904763790711
2025-05-27,0.7031198273149254
2025-05-28,0.6953844861729214
2025-05-29,0.7364574130866546
2025-05-30,0.7708477598997551
2025-06-02,0.7606964237455623
2025-06-03,0.7116357263053188
2025-06-04,0.6895291357790543
2025-06-05,0.7963410755385086
2025-06-06,0.7393013621404197
2025-06-09,0.6462080108543421
2025-06-10,0.6746396908240688
2025-06-11,0.6278635933801671
2025-06-12,0.7801144271858002
2025-06-13,0.6668566921356127
2025-06-16,0.7598886292950868
2025-06-17,0.8763458141719376
2025-06-18,0.7458861451040502
2025-06-20,0.7273152819416293
2025-06-23,0.817685242348562
2025-06-24,0.7407447421356682
2025-06-25,0.661743127900996
2025-06-26,0.6674770003406174
2025-06-27,0.6756930980757666
2025-06-30,0.6228514786576387
2025-07-01,0.6664690208823187
2025-07-02,0.6269205341912447
2025-07-03,0.6158120244021469
2025-07-07,0.7628910953555202
2025-07-08,0.672946439918133
2025-07-09,0.6553996529791835
2025-07-10,0.6397250697291282
2025-07-11,0.6739554948583256
2025-07-14,0.6942450901194104
2025-07-15,0.6790168955402394
2025-07-16,0.7040305618343917
2025-07-17,0.6573881480080674
2025-07-18,0.6376661067377529
2025-07-21,0.6762319999209021
2025-07-22,0.6623704103563437
2025-07-23,0.6553969039246381
2025-07-24,0.7063626966577987
2025-07-25,0.7208655667710546
2025-07-28,0.663086067192991
2025-07-29,0.7215206641484906
2025-07-30,0.7175751214259556
2025-07-31,0.7583093153773249
2025-08-01,0.8534214268010508
2025-08-04,0.7661446571904117
2025-08-05,0.781725066329864
2025-08-06,0.7068577495966941
2025-08-07,0.6986877052092498
2025-08-08,0.7015093860965201
2025-08-11,0.685879217563782
2025-08-12,0.6977826507794397
2025-08-13,0.6423415518124177
2025-08-14,0.7156211899073515
2025-08-15,0.6280369558818176
2025-08-18,0.6318373466621934
2025-08-19,0.7184478342437756
2025-08-20,0.8058283687693784
2025-08-21,0.8511680990971863
2025-08-22,0.671761051338325
2025-08-25,0.6795651692051702
2025-08-26,0.6779965360430313
2025-08-27,0.6519772446125197
2025-08-28,0.7020188134851656
2025-08-29,0.6589386511316923
2025-09-02,0.7492520802823531
2025-09-03,0.6713042045732038
2025-09-04,0.7517625763167651
2025-09-05,0.6890013636581753
2025-09-08,0.69465812399398
2025-09-09,0.7083229271050931
2025-09-10,0.6505554799031417
2025-09-11,0.6900026366521298
2025-09-12,0.5968226048037372
2025-09-15,0.5759583209383751
2025-09-16,0.6122478148030177
2025-09-17,0.6812663421788107
2025-09-18,0.5904005221299838
2025-09-19,0.6011603275992404
2025-09-22,0.6083315936953266
2025-09-23,0.6550563601276719
2025-09-24,0.6619769193342093
2025-09-25,0.7231924785569805
2025-09-26,0.6681589229083702
2025-09-29,0.6085934434569463
2025-09-30,0.6846846260649053
2025-10-01,0.5996427688187146
2025-10-02,0.6106947673664409
2025-10-03,0.6566940812480193
2025-10-06,0.5734667821536579
2025-10-07,0.6556384703074726
2025-10-08,0.5925413661701434
2025-10-09,0.652125147780663
2025-10-10,0.7824039128417795
2025-10-13,0.644546345067004
2025-10-14,0.6553934777234479
2025-10-15,0.6262958016261914
2025-10-16,0.7504702648396558
2025-10-17,0.8203797274237542
2025-10-20,0.7110838139444486
2025-10-21,0.7133507865089538
2025-10-22,0.7174865450824524
2025-10-23,0.7006570310011023
2025-10-24,0.7142532750190169
2025-10-27,0.6274005940638275
2025-10-28,0.610107453391282
2025-10-29,0.6482091674827302
2025-10-30,0.7167168342015546
2025-10-31,0.7186333233865517
2025-11-03,0.7312377408280507
2025-11-04,0.7604357558000416
2025-11-05,0.6894084801171197
2025-11-06,0.7494682439974067
2025-11-07,0.8067153323210857
2025-11-10,0.6583185033750748
2025-11-11,0.704653388064915
2025-11-12,0.6209822045041733
2025-11-13,0.749046304017791
2025-11-14,0.8062590274251653
2025-11-17,0.833707436216401
2025-11-18,0.8339790044272485
2025-11-19,0.7932730197092676
2025-11-20,0.9428055395932355
2025-11-21,0.8437825537787784
2025-11-24,0.7321725479909045
2025-11-25,0.8061743054026784
2025-11-26,0.7164881227616233
2025-11-28,0.5902872137794878
2025-12-01,0.7544049583452003
2025-12-02,0.6827589778006902
2025-12-03,0.7359944147425044
2025-12-04,0.6560575489283295
2025-12-05,0.6746399340495398
2025-12-08,0.6926608918753049
2025-12-09,0.6900040051018879
2025-12-10,0.6986578788181919
2025-12-11,0.6374061868370718
2025-12-12,0.6620595557503764
2025-12-15,0.5016964190555845
2025-12-16,0.7958545246689509
2025-12-17,0.7098620183144723
2025-12-18,0.7667009402362934
2025-12-19,0.7382941864519338
2025-12-22,0.6909098343723851
2025-12-23,0.7685397977882118
2025-12-24,0.774541553538979
2025-12-26,0.6772349974694652
2025-12-29,0.7344071847579207
2025-12-30,0.698599880555573
2025-12-31,0.745102542875758
2026-01-02,0.6764994816009855
2026-01-05,0.6935945076666371
2026-01-06,0.7845424444802126
2026-01-07,0.75939926455097
2026-01-08,0.7607883520764753
2026-01-09,0.7018482656469697
2026-01-12,0.7405125054554345
2026-01-13,0.7209849282295682
2026-01-14,0.717767470935604
2026-01-15,0.8740073535690672
2026-01-16,0.7312422160624176
2026-01-20,0.7527603520697375
2026-01-21,0.7159446136563937
2026-01-22,0.7106308533319377
2026-01-23,0.7645764318354337
2026-01-26,0.7965048873511292
2026-01-27,0.7061204189111678
2026-01-28,0.703789102251084
2026-01-29,0.7723538411296673
2026-01-30,0.7891907613349718
2026-02-02,0.8169732878727691
2026-02-03,0.7879415492075285
2026-02-04,0.8067612662259563
2026-02-05,0.9420889668224168
2026-02-06,0.7557096195265445
2026-02-09,0.7449562879986849
2026-02-10,0.7855067035017139
2026-02-11,0.781188851372428
2026-02-12,1.0185222376281058
2026-02-13,0.767022020513835
2026-02-17,0.9182485432227528
2026-02-18,0.8573838509048943
2026-02-19,0.9749608900631949
2026-02-20,0.8302924493103345
2026-02-23,0.8057874474128496
2026-02-24,0.8259618667223119
2026-02-25,0.7511002828583695
2026-02-26,0.8436530589204956
2026-02-27,0.7924417389944601
2026-03-02,0.8751274743011038
2026-03-03,0.8891728988731595
2026-03-04,0.8106838724916159
2026-03-05,0.8504785483102366
2026-03-06,0.91441175310442
2026-03-09,0.8764126415751354
2026-03-10,0.8994639880758272
2026-03-11,0.8418413556461213
2026-03-12,0.8647887654028695
2026-03-13,0.8527724154799898
2026-03-16,0.8811840212709868
2026-03-17,0.9256629161379772
2026-03-18,0.9348261637873093
2026-03-19,1.0027248282942778
2026-03-20,0.926324359150146
2026-03-23,0.8327190185375345
2026-03-24,0.9100870108582366
2026-03-25,0.8818238947833577
2026-03-26,0.8981729735264636
2026-03-27,0.9700923221468475
2026-03-30,0.955899682456512
2026-03-31,0.9149771607244191
2026-04-01,1.0478486507901819
2026-04-02,0.9822061926134449
2026-04-06,0.9464166965773797
2026-04-07,0.9625776799491057
2026-04-08,0.9413860313829836
2026-04-09,0.8664895258509253
2026-04-10,0.7922692690718346
2026-04-13,0.8130783208645495
2026-04-14,0.67129344872834
2026-04-15,0.6170846542177009
2026-04-16,0.6498794671624514
2026-04-17,0.6149991089105703
2026-04-20,0.7567447546115182
2026-04-21,0.8226141274870495
2026-04-22,0.7192005602075504
2026-04-23,0.8020757805475972
2026-04-24,0.7337677546108402
2026-04-27,0.7294207843453071
2026-04-28,0.7506644595670561
2026-04-29,0.7472627300980158
2026-04-30,0.7040667607125893
2026-05-01,0.6729608495061143
2026-05-04,0.749697101895613
2026-05-05,0.7618240430415063
2026-05-06,0.6414048969394984
2026-05-07,0.7071133519802631
2026-05-08,0.6725274200798405
2026-05-11,0.64982135387885
2026-05-12,0.7280069121582015
2026-05-13,0.6142874935659736
2026-05-14,0.5738408611669589
2026-05-15,0.7369347830294837
2026-05-18,0.7158270211737476
2026-05-19,0.7863042569857097
2026-05-20,0.6416761278667162
2026-05-21,0.6581352913549702
2026-05-22,0.649909201513371
2026-05-26,0.6342106262775747
2026-05-27,0.6419076920849817
2026-05-28,0.6419346556463092
2026-05-29,0.5582313721277505
2026-06-01,0.5966735163474036
2026-06-02,0.6058716270034026
2026-06-03,0.6670529867732826
2026-06-04,0.6772073524267543
2026-06-05,0.8672780110820619
2026-06-08,0.7784935549745029
2026-06-09,0.8811086094409726
2026-06-10,0.8826053040561889
2026-06-11,0.8174705260388183
2026-06-12,0.6664911025735587
2026-06-15,0.7205926693004086
2026-06-16,0.7968262248943345
2026-06-17,0.8657212856917051
2026-06-18,0.7988833690118607
2026-06-22,0.7668785345164416
2026-06-23,0.8834230193012089
2026-06-24,0.8774008820692988
2026-06-25,0.930754559835911
2026-06-26,0.914944024073954
2026-06-29,0.8038766306867713
2026-06-30,0.7647187473002287
2026-07-01,0.7332265371270873
